millis,stamp,datetime,motion
999, 1565012537, 2019/8/5 13:42:17, Inactive
1999, 1565012538, 2019/8/5 13:42:18, Inactive
2999, 1565012539, 2019/8/5 13:42:19, Inactive
3999, 1565012540, 2019/8/5 13:42:20, Inactive
4999, 1565012541, 2019/8/5 13:42:21, Inactive
5999, 1565012542, 2019/8/5 13:42:22, Inactive
6999, 1565012543, 2019/8/5 13:42:23, Active
7999, 1565012544, 2019/8/5 13:42:24, Active
8999, 1565012545, 2019/8/5 13:42:25, Active
9999, 1565012546, 2019/8/5 13:42:26, Active
10999, 1565012547, 2019/8/5 13:42:27, Active
11999, 1565012548, 2019/8/5 13:42:28, Active
12999, 1565012549, 2019/8/5 13:42:29, Inactive
13999, 1565012550, 2019/8/5 13:42:30, Inactive
14999, 1565012551, 2019/8/5 13:42:31, Inactive
16000, 1565012552, 2019/8/5 13:42:32, Inactive
16999, 1565012553, 2019/8/5 13:42:33, Inactive
17999, 1565012554, 2019/8/5 13:42:34, Inactive
18999, 1565012555, 2019/8/5 13:42:35, Inactive
19999, 1565012556, 2019/8/5 13:42:36, Inactive
20999, 1565012557, 2019/8/5 13:42:37, Inactive
21999, 1565012558, 2019/8/5 13:42:38, Inactive
23000, 1565012559, 2019/8/5 13:42:39, Inactive
23998, 1565012560, 2019/8/5 13:42:40, Inactive
24999, 1565012561, 2019/8/5 13:42:41, Inactive
25999, 1565012562, 2019/8/5 13:42:42, Active
26999, 1565012563, 2019/8/5 13:42:43, Inactive
27999, 1565012564, 2019/8/5 13:42:44, Inactive
28999, 1565012565, 2019/8/5 13:42:45, Inactive
29999, 1565012566, 2019/8/5 13:42:46, Inactive
30999, 1565012567, 2019/8/5 13:42:47, Inactive
32000, 1565012568, 2019/8/5 13:42:48, Active
32999, 1565012569, 2019/8/5 13:42:49, Active
33999, 1565012570, 2019/8/5 13:42:50, Active
34999, 1565012571, 2019/8/5 13:42:51, Active
35999, 1565012572, 2019/8/5 13:42:52, Active
36999, 1565012573, 2019/8/5 13:42:53, Active
37999, 1565012574, 2019/8/5 13:42:54, Active
38999, 1565012575, 2019/8/5 13:42:55, Active
39999, 1565012576, 2019/8/5 13:42:56, Inactive
40999, 1565012577, 2019/8/5 13:42:57, Inactive
41999, 1565012578, 2019/8/5 13:42:58, Inactive
42999, 1565012579, 2019/8/5 13:42:59, Inactive
43999, 1565012580, 2019/8/5 13:43:0, Inactive
44998, 1565012581, 2019/8/5 13:43:1, Inactive
46000, 1565012582, 2019/8/5 13:43:2, Inactive
46999, 1565012583, 2019/8/5 13:43:3, Inactive
48000, 1565012584, 2019/8/5 13:43:4, Inactive
48999, 1565012585, 2019/8/5 13:43:5, Inactive
49999, 1565012586, 2019/8/5 13:43:6, Inactive
50999, 1565012587, 2019/8/5 13:43:7, Inactive
51998, 1565012588, 2019/8/5 13:43:8, Inactive
52999, 1565012589, 2019/8/5 13:43:9, Inactive
53999, 1565012590, 2019/8/5 13:43:10, Inactive
54999, 1565012591, 2019/8/5 13:43:11, Inactive
55999, 1565012592, 2019/8/5 13:43:12, Inactive
56999, 1565012593, 2019/8/5 13:43:13, Inactive
57999, 1565012594, 2019/8/5 13:43:14, Inactive
58999, 1565012595, 2019/8/5 13:43:15, Inactive
59999, 1565012596, 2019/8/5 13:43:16, Inactive
60999, 1565012597, 2019/8/5 13:43:17, Inactive
61999, 1565012598, 2019/8/5 13:43:18, Active
63000, 1565012599, 2019/8/5 13:43:19, Active
64000, 1565012600, 2019/8/5 13:43:20, Active
64999, 1565012601, 2019/8/5 13:43:21, Active
65999, 1565012602, 2019/8/5 13:43:22, Active
66999, 1565012603, 2019/8/5 13:43:23, Active
67999, 1565012604, 2019/8/5 13:43:24, Active
68999, 1565012605, 2019/8/5 13:43:25, Active
69999, 1565012606, 2019/8/5 13:43:26, Active
70999, 1565012607, 2019/8/5 13:43:27, Inactive
71999, 1565012608, 2019/8/5 13:43:28, Inactive
72999, 1565012609, 2019/8/5 13:43:29, Inactive
73999, 1565012610, 2019/8/5 13:43:30, Inactive
74999, 1565012611, 2019/8/5 13:43:31, Inactive
75999, 1565012612, 2019/8/5 13:43:32, Inactive
76999, 1565012613, 2019/8/5 13:43:33, Inactive
78000, 1565012614, 2019/8/5 13:43:34, Inactive
78999, 1565012615, 2019/8/5 13:43:35, Active
80000, 1565012616, 2019/8/5 13:43:36, Active
80999, 1565012617, 2019/8/5 13:43:37, Active
81999, 1565012618, 2019/8/5 13:43:38, Active
82999, 1565012619, 2019/8/5 13:43:39, Active
83999, 1565012620, 2019/8/5 13:43:40, Inactive
84999, 1565012621, 2019/8/5 13:43:41, Inactive
85999, 1565012622, 2019/8/5 13:43:42, Inactive
86999, 1565012623, 2019/8/5 13:43:43, Inactive
87999, 1565012624, 2019/8/5 13:43:44, Active
88999, 1565012625, 2019/8/5 13:43:45, Active
89999, 1565012626, 2019/8/5 13:43:46, Active
90999, 1565012627, 2019/8/5 13:43:47, Active
91999, 1565012628, 2019/8/5 13:43:48, Inactive
92999, 1565012629, 2019/8/5 13:43:49, Active
93999, 1565012630, 2019/8/5 13:43:50, Active
94999, 1565012631, 2019/8/5 13:43:51, Active
96000, 1565012632, 2019/8/5 13:43:52, Active
96999, 1565012633, 2019/8/5 13:43:53, Active
97998, 1565012634, 2019/8/5 13:43:54, Active
98999, 1565012635, 2019/8/5 13:43:55, Active
99999, 1565012636, 2019/8/5 13:43:56, Inactive
100999, 1565012637, 2019/8/5 13:43:57, Inactive
101999, 1565012638, 2019/8/5 13:43:58, Inactive
102999, 1565012639, 2019/8/5 13:43:59, Inactive
103999, 1565012640, 2019/8/5 13:44:0, Inactive
104999, 1565012641, 2019/8/5 13:44:1, Inactive
105999, 1565012642, 2019/8/5 13:44:2, Active
106999, 1565012643, 2019/8/5 13:44:3, Active
107999, 1565012644, 2019/8/5 13:44:4, Active
108999, 1565012645, 2019/8/5 13:44:5, Active
109999, 1565012646, 2019/8/5 13:44:6, Active
110999, 1565012647, 2019/8/5 13:44:7, Active
112000, 1565012648, 2019/8/5 13:44:8, Active
112999, 1565012649, 2019/8/5 13:44:9, Inactive
113999, 1565012650, 2019/8/5 13:44:10, Inactive
114999, 1565012651, 2019/8/5 13:44:11, Inactive
115999, 1565012652, 2019/8/5 13:44:12, Inactive
116999, 1565012653, 2019/8/5 13:44:13, Inactive
117999, 1565012654, 2019/8/5 13:44:14, Inactive
118999, 1565012655, 2019/8/5 13:44:15, Inactive
119999, 1565012656, 2019/8/5 13:44:16, Active
120999, 1565012657, 2019/8/5 13:44:17, Active
121999, 1565012658, 2019/8/5 13:44:18, Active
122999, 1565012659, 2019/8/5 13:44:19, Active
123999, 1565012660, 2019/8/5 13:44:20, Active
124999, 1565012661, 2019/8/5 13:44:21, Active
126000, 1565012662, 2019/8/5 13:44:22, Active
126999, 1565012663, 2019/8/5 13:44:23, Active
128000, 1565012664, 2019/8/5 13:44:24, Active
128999, 1565012665, 2019/8/5 13:44:25, Inactive
129999, 1565012666, 2019/8/5 13:44:26, Inactive
130999, 1565012667, 2019/8/5 13:44:27, Inactive
131999, 1565012668, 2019/8/5 13:44:28, Inactive
132999, 1565012669, 2019/8/5 13:44:29, Inactive
133999, 1565012670, 2019/8/5 13:44:30, Inactive
134999, 1565012671, 2019/8/5 13:44:31, Inactive
135999, 1565012672, 2019/8/5 13:44:32, Inactive
136999, 1565012673, 2019/8/5 13:44:33, Inactive
137999, 1565012674, 2019/8/5 13:44:34, Inactive
138998, 1565012675, 2019/8/5 13:44:35, Inactive
139999, 1565012676, 2019/8/5 13:44:36, Active
140999, 1565012677, 2019/8/5 13:44:37, Active
141999, 1565012678, 2019/8/5 13:44:38, Active
142999, 1565012679, 2019/8/5 13:44:39, Active
144000, 1565012680, 2019/8/5 13:44:40, Active
144999, 1565012681, 2019/8/5 13:44:41, Inactive
145999, 1565012682, 2019/8/5 13:44:42, Inactive
146999, 1565012683, 2019/8/5 13:44:43, Inactive
147999, 1565012684, 2019/8/5 13:44:44, Active
148999, 1565012685, 2019/8/5 13:44:45, Active
149999, 1565012686, 2019/8/5 13:44:46, Active
150999, 1565012687, 2019/8/5 13:44:47, Active
151999, 1565012688, 2019/8/5 13:44:48, Active
152998, 1565012689, 2019/8/5 13:44:49, Inactive
153999, 1565012690, 2019/8/5 13:44:50, Inactive
154999, 1565012691, 2019/8/5 13:44:51, Inactive
155999, 1565012692, 2019/8/5 13:44:52, Inactive
156998, 1565012693, 2019/8/5 13:44:53, Active
158000, 1565012694, 2019/8/5 13:44:54, Active
158999, 1565012695, 2019/8/5 13:44:55, Inactive
160000, 1565012696, 2019/8/5 13:44:56, Inactive
160999, 1565012697, 2019/8/5 13:44:57, Inactive
161999, 1565012698, 2019/8/5 13:44:58, Inactive
162999, 1565012699, 2019/8/5 13:44:59, Inactive
163999, 1565012700, 2019/8/5 13:45:0, Inactive
164999, 1565012701, 2019/8/5 13:45:1, Inactive
165999, 1565012702, 2019/8/5 13:45:2, Inactive
166999, 1565012703, 2019/8/5 13:45:3, Inactive
167999, 1565012704, 2019/8/5 13:45:4, Inactive
169000, 1565012705, 2019/8/5 13:45:5, Inactive
169999, 1565012706, 2019/8/5 13:45:6, Inactive
170999, 1565012707, 2019/8/5 13:45:7, Inactive
171999, 1565012708, 2019/8/5 13:45:8, Inactive
172999, 1565012709, 2019/8/5 13:45:9, Inactive
173999, 1565012710, 2019/8/5 13:45:10, Inactive
174999, 1565012711, 2019/8/5 13:45:11, Inactive
176000, 1565012712, 2019/8/5 13:45:12, Inactive
176999, 1565012713, 2019/8/5 13:45:13, Inactive
177999, 1565012714, 2019/8/5 13:45:14, Inactive
178999, 1565012715, 2019/8/5 13:45:15, Inactive
179999, 1565012716, 2019/8/5 13:45:16, Inactive
180999, 1565012717, 2019/8/5 13:45:17, Inactive
181999, 1565012718, 2019/8/5 13:45:18, Inactive
182999, 1565012719, 2019/8/5 13:45:19, Inactive
183999, 1565012720, 2019/8/5 13:45:20, Inactive
184999, 1565012721, 2019/8/5 13:45:21, Inactive
185999, 1565012722, 2019/8/5 13:45:22, Inactive
186999, 1565012723, 2019/8/5 13:45:23, Inactive
